title,brand,url_product,url_image_lowq,url_image_hq,price,asin,uuid
Unisex Baby Pumphose Sommershorts Baumwolle 5er Pack, TupTam ,https://www.amazon.de/TupTam-Unisex-Pumphose-Sommershorts-Baumwolle/dp/B087Z11P2Y/ref=sr_1_1?dchild=1&qid=1589975854&s=apparel&sr=1-1,https://m.media-amazon.com/images/I/71UTISaM60L._AC_UL320_.jpg,https://m.media-amazon.com/images/I/71UTISaM60L._AC_UL960_FMwebp_QL65_.jpg,"19,99",B087Z11P2Y,f45a4fa2-8c86-4ec2-8514-73967f24aeb7
Vatertagsgeschenk Tochter & Sohn Baby - Ich Bin Dein Vatertagsgeschenk schwarz - Baby Body Kurzarm für Jungen und Mädchen, Shirtracer ,https://www.amazon.de/Shirtracer-Vatertagsgeschenk-Tochter-Sohn-Baby/dp/B0881XRTCF/ref=sr_1_2?dchild=1&qid=1589975854&s=apparel&sr=1-2,https://m.media-amazon.com/images/I/71v75hC3vNL._AC_UL320_.jpg,https://m.media-amazon.com/images/I/71v75hC3vNL._AC_UL960_FMwebp_QL65_.jpg,"16,90",B0881XRTCF,fbfb12d9-dc43-4c9e-833f-58be863c0cc9
"Damen T-Shirt dunkelgrau, Bio & Fair aus 100% Bio-Baumwolle und unter fairen Bedingungen hergestellt, nachhaltig, vegan, ökologisch, alternativ, natürlich, vielseitig", FellHerz ,https://www.amazon.de/FellHerz-dunkelgrau-Bio-Baumwolle-Bedingungen-hergestellt/dp/B085W6CNKP/ref=sr_1_3?dchild=1&qid=1589975854&s=apparel&sr=1-3,https://m.media-amazon.com/images/I/81LgS+4FhxL._AC_UL320_.jpg,https://m.media-amazon.com/images/I/81LgS+4FhxL._AC_UL960_FMwebp_QL65_.jpg,"14,90",B085W6CNKP,15e03c6b-9520-4b1e-8b1f-eec8ad7f61d1
Herren T-Shirt, s.Oliver ,https://www.amazon.de/s-Oliver-Herren-130-10-004-12-130-2026004-T-Shirt-Black/dp/B0845CRZ1N/ref=sr_1_4?dchild=1&qid=1589975854&s=apparel&sr=1-4,https://m.media-amazon.com/images/I/71WwUShf+SL._AC_UL320_.jpg,https://m.media-amazon.com/images/I/71WwUShf+SL._AC_UL960_FMwebp_QL65_.jpg,"9,99",B0845CRZ1N,0787a92c-3c2b-4b3c-9ede-11aa929827f4
Herren 41. Geburtstag Shirt Jahrgang 1979 Die Geburt von Legenden T-Shirt, Vintage Geschenk zum 41 Geburtstag Jahrgang 1979 ,https://www.amazon.de/dp/B0869BXB96/ref=sr_1_5?dchild=1&qid=1589975854&s=apparel&sr=1-5,https://m.media-amazon.com/images/I/71gkIcK9yRL._AC_UL320_.jpg,https://m.media-amazon.com/images/I/71gkIcK9yRL._AC_UL960_FMwebp_QL65_.jpg,"13,95",B0869BXB96,ed2c3819-7cee-439a-bb39-153afde30158
Geige Violine Musik lustiger Geiger Spruch Geschenk T-Shirt, Geige Violine Spielen Geschenk Musiker ,https://www.amazon.de/Violin-Music-Funny-Saying-T-Shirt/dp/B0869G4K9V/ref=sr_1_6?dchild=1&qid=1589975854&s=apparel&sr=1-6,https://m.media-amazon.com/images/I/71UzxKW1-kL._AC_UL320_.jpg,https://m.media-amazon.com/images/I/71UzxKW1-kL._AC_UL960_FMwebp_QL65_.jpg,"13,99",B0869G4K9V,09a64d4f-1a11-4ad0-9625-19b0b984da02
Herren 46. Geburtstag Shirt Jahrgang 1974 Die Geburt von Legenden T-Shirt, Vintage Geschenk zum 46 Geburtstag Jahrgang 1974 ,https://www.amazon.de/Birthday-Shirt-Vintage-Legends-T-Shirt/dp/B0869BRBKN/ref=sr_1_7?dchild=1&qid=1589975854&s=apparel&sr=1-7,https://m.media-amazon.com/images/I/715z8SflYxL._AC_UL320_.jpg,https://m.media-amazon.com/images/I/715z8SflYxL._AC_UL960_FMwebp_QL65_.jpg,"13,95",B0869BRBKN,d49e1e17-0bf2-407d-9d70-7ea9a7a7c8de
Social Distancing Champion Antisocial Abstand Halten Yeti T-Shirt, Anti Social Hände Waschen Hygiene Outfits Bigfoot ,https://www.amazon.de/Social-Distancing-Champion-Antisocial-Abstand/dp/B0869C68Y5/ref=sr_1_8?dchild=1&qid=1589975854&s=apparel&sr=1-8,https://m.media-amazon.com/images/I/71yMaYzx35L._AC_UL320_.jpg,https://m.media-amazon.com/images/I/71yMaYzx35L._AC_UL960_FMwebp_QL65_.jpg,"13,95",B0869C68Y5,ce6376ba-bb39-44ec-9e53-dfd18f259e5a
Dampflokomotive Dampflok Herzschlag Lok Zugführer Geschenk T-Shirt, Lokführer Dampf Eisenbahner Eisenbahn Bahnhof Zug ,https://www.amazon.de/Steam-locomotive-steam-driver-t-shirt/dp/B086CR31FC/ref=sr_1_9?dchild=1&qid=1589975854&s=apparel&sr=1-9,https://m.media-amazon.com/images/I/71XX11ttozL._AC_UL320_.jpg,https://m.media-amazon.com/images/I/71XX11ttozL._AC_UL960_FMwebp_QL65_.jpg,"13,30",B086CR31FC,62f22e78-10e0-4765-aae0-64dd71b448e3
Ich mache zufällige Gravitationstests - Mountainbike T-Shirt, Witzige Mountainbike & Downhill T-Shirts ,https://www.amazon.de/random-gravity-tests-mountain-t-shirt/dp/B07HPBQF1G/ref=sr_1_10?dchild=1&qid=1589975854&s=apparel&sr=1-10,https://m.media-amazon.com/images/I/71F9PfaeV7L._AC_UL320_.jpg,https://m.media-amazon.com/images/I/71F9PfaeV7L._AC_UL960_FMwebp_QL65_.jpg,"21,99",B07HPBQF1G,1ac6cb99-18a6-4a16-9ae8-d5de5334c457
I'm Sorry For What I Said When We Were In Quarantine Virus T-Shirt, Funny Quarantine Quote TShirt Men Women Kids Gift ,https://www.amazon.de/Sorry-What-Quarantine-Virus-T-Shirt/dp/B0869GSPW1/ref=sr_1_11?dchild=1&qid=1589975854&s=apparel&sr=1-11,https://m.media-amazon.com/images/I/71i0ysihEML._AC_UL320_.jpg,https://m.media-amazon.com/images/I/71i0ysihEML._AC_UL960_FMwebp_QL65_.jpg,"18,49",B0869GSPW1,c092c357-87d5-49c3-a411-fcd42215ef8a
Herren Lustiges Papa macht so Papasachen Motorrad Grillen Bier T-Shirt, Vatertag und Papasachen Männerhobby Männersachen ,https://www.amazon.de/Funny-Papasachen-Motorcycle-Barbecue-T-Shirt/dp/B086BX2VGN/ref=sr_1_12?dchild=1&qid=1589975854&s=apparel&sr=1-12,https://m.media-amazon.com/images/I/71LqdhQid6L._AC_UL320_.jpg,https://m.media-amazon.com/images/I/71LqdhQid6L._AC_UL960_FMwebp_QL65_.jpg,"14,95",B086BX2VGN,d6bb686e-1dd6-4b56-adc8-314479c32cb2
Ich arbeite in der Pflege ich bin Systemrelevant T-Shirt, Pflegekraft - Systemrelevant Beruf Shirt ,https://www.amazon.de/T-Shirt-German-Arbeitite-pflege-Language/dp/B086C1HN85/ref=sr_1_13?dchild=1&qid=1589975854&s=apparel&sr=1-13,https://m.media-amazon.com/images/I/71RQkuSmHBL._AC_UL320_.jpg,https://m.media-amazon.com/images/I/71RQkuSmHBL._AC_UL960_FMwebp_QL65_.jpg,"18,49",B086C1HN85,000ce552-5523-4d3d-89d9-67111dd51a8b
Herren Lustiges Papa macht so Papasachen Kraftsport Grillen Bier T-Shirt, Vatertag und Papasachen Männerhobby Männersachen ,https://www.amazon.de/Funny-Papasachen-Kraftsport-Barbecue-T-Shirt/dp/B086BGLXK9/ref=sr_1_14?dchild=1&qid=1589975854&s=apparel&sr=1-14,https://m.media-amazon.com/images/I/717qOTolCIL._AC_UL320_.jpg,https://m.media-amazon.com/images/I/717qOTolCIL._AC_UL960_FMwebp_QL65_.jpg,"14,95",B086BGLXK9,ad06c144-f144-4033-9414-7e25b8e2ef49
Vintage 1970 50th Birthday Gift Retro Shirt 50 Years Old T-Shirt, -1970 50th Birthday Gift 50 Years Old Men Women- ,https://www.amazon.de/dp/B0869MNVB4/ref=sr_1_15?dchild=1&qid=1589975854&s=apparel&sr=1-15,https://m.media-amazon.com/images/I/71DyHxJzwgL._AC_UL320_.jpg,https://m.media-amazon.com/images/I/71DyHxJzwgL._AC_UL960_FMwebp_QL65_.jpg,"13,30",B0869MNVB4,764a4b92-77d5-4034-9be0-65f8bab0747e
The Great Awakening T-Shirt, qanon ,https://www.amazon.de/qanon-The-Great-Awakening-T-Shirt/dp/B086FD8YJQ/ref=sr_1_16?dchild=1&qid=1589975854&s=apparel&sr=1-16,https://m.media-amazon.com/images/I/71nIY9LFBcL._AC_UL320_.jpg,https://m.media-amazon.com/images/I/71nIY9LFBcL._AC_UL960_FMwebp_QL65_.jpg,"17,99",B086FD8YJQ,38e3325c-fae8-41f1-b1ae-8f5f91cf7771
Damen T-Shirt, Cecil ,https://www.amazon.de/Cecil-Damen-313339-T-Shirt-X-Small/dp/B08482ZFBQ/ref=sr_1_17?dchild=1&qid=1589975854&s=apparel&sr=1-17,https://m.media-amazon.com/images/I/61YAx4EAnNL._AC_UL320_.jpg,https://m.media-amazon.com/images/I/61YAx4EAnNL._AC_UL960_FMwebp_QL65_.jpg,"25,98",B08482ZFBQ,9c57d8b4-f5df-4633-9653-3af26a6b1d99
Coole Katze mit Scooter und Italien Fahne im Hintergrund. T-Shirt, cattogether ,https://www.amazon.de/Cool-scooter-Italy-background-T-Shirt/dp/B086D814L6/ref=sr_1_18?dchild=1&qid=1589975854&s=apparel&sr=1-18,https://m.media-amazon.com/images/I/71KwZJj5dzL._AC_UL320_.jpg,https://m.media-amazon.com/images/I/71KwZJj5dzL._AC_UL960_FMwebp_QL65_.jpg,"18,49",B086D814L6,718448b8-badc-49e2-ace4-b64cb75b3eca
Babygirl Aesthetic E-Girl E-Boy T-Shirt, Edgy Aesthetic Soft Grunge Clothes ,https://www.amazon.de/Babygirl-Aesthetic-E-Girl-E-Boy-T-Shirt/dp/B086D9RL8Q/ref=sr_1_19?dchild=1&qid=1589975854&s=apparel&sr=1-19,https://m.media-amazon.com/images/I/71miLLutxaL._AC_UL320_.jpg,https://m.media-amazon.com/images/I/71miLLutxaL._AC_UL960_FMwebp_QL65_.jpg,"15,99",B086D9RL8Q,43d1b174-afab-40ef-a247-310f7ebc9946
Sorry I Am Late I Saw A Dog Tshirt I Labrador Geschenk T-Shirt, Labrador Golden Retriever Hundeliebhaber Shirt ,https://www.amazon.de/Sorry-Late-T-Shirt-Labrador-Gift/dp/B086D2RYJY/ref=sr_1_20?dchild=1&qid=1589975854&s=apparel&sr=1-20,https://m.media-amazon.com/images/I/710TsCYjigL._AC_UL320_.jpg,https://m.media-amazon.com/images/I/710TsCYjigL._AC_UL960_FMwebp_QL65_.jpg,"14,90",B086D2RYJY,4ca6de07-a15c-4606-8a24-247dcb1f9485
Kinder Kids The Stinky and Dirty Show - Best Friends T-Shirt T-Shirt, Amazon Original Kids ,https://www.amazon.de/Childrens-Stinky-Dirty-Friends-T-Shirt/dp/B086DHK1P4/ref=sr_1_21?dchild=1&qid=1589975854&s=apparel&sr=1-21,https://m.media-amazon.com/images/I/718yiuWB3UL._AC_UL320_.jpg,https://m.media-amazon.com/images/I/718yiuWB3UL._AC_UL960_FMwebp_QL65_.jpg,"18,49",B086DHK1P4,61fa1605-73ce-4e69-8a8b-cd4a2851ca08
Lustiges Remote Team Arbeit Heimarbeit Home Office T-Shirt, Lustige Home Office Heimarbeit Accessoires ,https://www.amazon.de/Funny-Remote-Team-Office-T-Shirt/dp/B086D9RKR8/ref=sr_1_22?dchild=1&qid=1589975854&s=apparel&sr=1-22,https://m.media-amazon.com/images/I/7112392YrWL._AC_UL320_.jpg,https://m.media-amazon.com/images/I/7112392YrWL._AC_UL960_FMwebp_QL65_.jpg,"13,99",B086D9RKR8,80bd83d9-9352-45a1-9cf3-60bfcb557766
Straight Outta Quarantine Gerade aus der Quarantäne T-Shirt," ""Official"" Straight Outta T-Shirts ",https://www.amazon.de/Straight-Outta-Quarantine-Quarant%C3%A4ne-T-Shirt/dp/B086D78CFD/ref=sr_1_23?dchild=1&qid=1589975854&s=apparel&sr=1-23,https://m.media-amazon.com/images/I/71DGdnKxPWL._AC_UL320_.jpg,https://m.media-amazon.com/images/I/71DGdnKxPWL._AC_UL960_FMwebp_QL65_.jpg,"18,49",B086D78CFD,77abb12f-9d0d-4f59-b4f5-4266125da02a
Wein ist immer die Antwort Lustiges süßes Weinglasliebhaber T-Shirt, Funny Wine Sprüche Geschenk-Shop ,https://www.amazon.de/immer-Answer-Funny-sweet-T-shirt/dp/B086D5F4WZ/ref=sr_1_24?dchild=1&qid=1589975854&s=apparel&sr=1-24,https://m.media-amazon.com/images/I/71lyoD1q6lL._AC_UL320_.jpg,https://m.media-amazon.com/images/I/71lyoD1q6lL._AC_UL960_FMwebp_QL65_.jpg,"13,99",B086D5F4WZ,2e5fd34d-7ff5-4c1f-a1c1-8c0ed4e9a50c
KPop T-Shirt, KPop Designer ,https://www.amazon.de/KPop-Designer-T-Shirt/dp/B086D812Z3/ref=sr_1_25?dchild=1&qid=1589975854&s=apparel&sr=1-25,https://m.media-amazon.com/images/I/71DwVkKzATL._AC_UL320_.jpg,https://m.media-amazon.com/images/I/71DwVkKzATL._AC_UL960_FMwebp_QL65_.jpg,"13,95",B086D812Z3,bbfd97eb-b623-4886-95d2-028e02ded899
Wachtel Flüsterer T-Shirt, Geschenkidee Wachtel Liebhaber ,https://www.amazon.de/Quail-Whisper-T-Shirt/dp/B086D9RHTJ/ref=sr_1_26?dchild=1&qid=1589975854&s=apparel&sr=1-26,https://m.media-amazon.com/images/I/71QHRHb6uOL._AC_UL320_.jpg,https://m.media-amazon.com/images/I/71QHRHb6uOL._AC_UL960_FMwebp_QL65_.jpg,"13,30",B086D9RHTJ,a92e88b1-a391-49d8-b167-9974fc653e59
Abstand Halten Warnzeichen T-Shirt, Anti Viren Club ,https://www.amazon.de/Distance-Keep-Warning-Sign-T-Shirt/dp/B086CYQ5NM/ref=sr_1_27?dchild=1&qid=1589975854&s=apparel&sr=1-27,https://m.media-amazon.com/images/I/71rJL7KKHWL._AC_UL320_.jpg,https://m.media-amazon.com/images/I/71rJL7KKHWL._AC_UL960_FMwebp_QL65_.jpg,"13,99",B086CYQ5NM,1443e107-b22d-4d63-897e-003ee4957c95
Ich werde Mama Schwangerschaft Ich bin Schwanger T-Shirt, Schwanger Schwangerschaft Mama Mutter ,https://www.amazon.de/werde-Mama-Schwangerschaft-Schwanger-T-Shirt/dp/B086D4YTXJ/ref=sr_1_28?dchild=1&qid=1589975854&s=apparel&sr=1-28,https://m.media-amazon.com/images/I/71eDt2LmDML._AC_UL320_.jpg,https://m.media-amazon.com/images/I/71eDt2LmDML._AC_UL960_FMwebp_QL65_.jpg,"14,90",B086D4YTXJ,bb77ad2c-34c9-4e0c-a0cf-f1842258cd4d
Herren Brauchst du Bier Dann komm zu mir Gastwirt oder Barmann T-Shirt, Lustige Sprüche Bier und Alkohol zum Vatertag ,https://www.amazon.de/Brauchst-Bier-Gastwirt-Barmann-T-Shirt/dp/B086D2GGVZ/ref=sr_1_29?dchild=1&qid=1589975854&s=apparel&sr=1-29,https://m.media-amazon.com/images/I/71LB41MDowL._AC_UL320_.jpg,https://m.media-amazon.com/images/I/71LB41MDowL._AC_UL960_FMwebp_QL65_.jpg,"16,99",B086D2GGVZ,726f995e-68bc-4bde-a4b6-5d157a18d675
Damen So Sieht Die Beste Krankenschwester Der Welt Aus Geschenk T-Shirt, Süße Geschenkideen Krankenschwester Krankenpflege ,https://www.amazon.de/Womens-T-Shirt-Looks-German-Language/dp/B086DHKV96/ref=sr_1_30?dchild=1&qid=1589975854&s=apparel&sr=1-30,https://m.media-amazon.com/images/I/71eWI0OMjbL._AC_UL320_.jpg,https://m.media-amazon.com/images/I/71eWI0OMjbL._AC_UL960_FMwebp_QL65_.jpg,"17,99",B086DHKV96,b0448638-8511-41ec-8b3a-6fd48929ba64
Katzen T-Shirt, Niedliche Katze ,https://www.amazon.de/Cat-T-Shirt/dp/B086D95P7X/ref=sr_1_31?dchild=1&qid=1589975854&s=apparel&sr=1-31,https://m.media-amazon.com/images/I/71b-oaquPDL._AC_UL320_.jpg,https://m.media-amazon.com/images/I/71b-oaquPDL._AC_UL960_FMwebp_QL65_.jpg,"13,30",B086D95P7X,d224fcec-0d68-4a2f-b04e-1aba71e018f4
Gebärdensprache Handzeichen Ich Liebe Dich Zeichensprache T-Shirt, Nächstenliebe I Love You Gebärden Handzeichen ,https://www.amazon.de/Sign-Language-T-Shirt-German-Text/dp/B086D4YSDY/ref=sr_1_32?dchild=1&qid=1589975854&s=apparel&sr=1-32,https://m.media-amazon.com/images/I/71IoKTB+7+L._AC_UL320_.jpg,https://m.media-amazon.com/images/I/71IoKTB+7+L._AC_UL960_FMwebp_QL65_.jpg,"14,95",B086D4YSDY,7074d4db-339b-4840-b278-bdcc41573bbe
Wikinger Odin Viking norse Valhalla Vikings Mythologie Thor T-Shirt, Coole Wikinger/Viking Motive + Geschenkideen ,https://www.amazon.de/dp/B086DG39KM/ref=sr_1_33?dchild=1&qid=1589975854&s=apparel&sr=1-33,https://m.media-amazon.com/images/I/71D8JrIo3jL._AC_UL320_.jpg,https://m.media-amazon.com/images/I/71D8JrIo3jL._AC_UL960_FMwebp_QL65_.jpg,"15,99",B086DG39KM,3b7f9278-2743-430d-8deb-30b741ffe5e6
Native American Häuptling - Ureinwohner und Indianer Indian T-Shirt, Indianer Indian Häuptling ,https://www.amazon.de/Native-American-Chief-Indian-T-Shirt/dp/B086DGRV6C/ref=sr_1_34?dchild=1&qid=1589975854&s=apparel&sr=1-34,https://m.media-amazon.com/images/I/71jzktmhUcL._AC_UL320_.jpg,https://m.media-amazon.com/images/I/71jzktmhUcL._AC_UL960_FMwebp_QL65_.jpg,"19,99",B086DGRV6C,8b2815ca-e06f-45f1-9d86-8681fdd622e2
Seniors Quarantined Class Of 2020 Fun High School Graduation T-Shirt, Quarantine Graduation Clothes Graduate 2020 Gift ,https://www.amazon.de/Seniors-Quarantined-School-Graduation-T-Shirt/dp/B086DFZBRM/ref=sr_1_35?dchild=1&qid=1589975854&s=apparel&sr=1-35,https://m.media-amazon.com/images/I/71wd-077ozL._AC_UL320_.jpg,https://m.media-amazon.com/images/I/71wd-077ozL._AC_UL960_FMwebp_QL65_.jpg,"13,30",B086DFZBRM,8d7280d2-b558-4b3f-a7a4-336dd9c130dc
Sons of Odin Valhalla Wikinger Viking Mythology Norse Thor T-Shirt, Coole Wikinger/Viking Motive + Geschenkideen ,https://www.amazon.de/Valhalla-Viking-Mythology-Norse-T-Shirt/dp/B086D4YRV8/ref=sr_1_36?dchild=1&qid=1589975854&s=apparel&sr=1-36,https://m.media-amazon.com/images/I/71pXiq2obTL._AC_UL320_.jpg,https://m.media-amazon.com/images/I/71pXiq2obTL._AC_UL960_FMwebp_QL65_.jpg,"15,99",B086D4YRV8,d116647e-55df-4990-a383-1144fd246243
Class of 2020 Quarantine funny saying graduation gift idea T-Shirt, Class of 2020 Quarantine toilet paper gift idea ,https://www.amazon.de/Class-Quarantine-Saying-Graduation-T-Shirt/dp/B086CYFKTG/ref=sr_1_37?dchild=1&qid=1589975854&s=apparel&sr=1-37,https://m.media-amazon.com/images/I/711HiQfbFIL._AC_UL320_.jpg,https://m.media-amazon.com/images/I/711HiQfbFIL._AC_UL960_FMwebp_QL65_.jpg,"18,49",B086CYFKTG,2e81a196-8fd2-4eb5-b890-6bf7f05d6b55
Klopapier Krise 2020. Ich war dabei! Quarantäne Outfit T-Shirt, Quarantäne Humor & Satire Geschenke ,https://www.amazon.de/Klopapier-Krise-Quarant%C3%A4ne-Outfit-T-Shirt/dp/B086DCN7RP/ref=sr_1_38?dchild=1&qid=1589975854&s=apparel&sr=1-38,https://m.media-amazon.com/images/I/71YgiPDgpmL._AC_UL320_.jpg,https://m.media-amazon.com/images/I/71YgiPDgpmL._AC_UL960_FMwebp_QL65_.jpg,"13,30",B086DCN7RP,aa7378c7-6908-47d9-8020-52a62b987c2f
Karosseriebau Karosseriebauer T-Shirt, Karosseriebau und stolz darauf ,https://www.amazon.de/Bodywork-Construction-T-Shirt/dp/B086CYFKNJ/ref=sr_1_39?dchild=1&qid=1589975854&s=apparel&sr=1-39,https://m.media-amazon.com/images/I/71t8cIdikbL._AC_UL320_.jpg,https://m.media-amazon.com/images/I/71t8cIdikbL._AC_UL960_FMwebp_QL65_.jpg,"15,00",B086CYFKNJ,cc5fe5ac-0dd2-484d-a0e0-f8a1bc83430e
Der Sohn meines Gottes trägt einen Hammer Wikinger Viking T-Shirt, Coole Wikinger/Viking Motive + Geschenkideen ,https://www.amazon.de/Son-wears-Hammer-Viking-T-Shirt/dp/B086DCVFZN/ref=sr_1_40?dchild=1&qid=1589975854&s=apparel&sr=1-40,https://m.media-amazon.com/images/I/716B-reeSQL._AC_UL320_.jpg,https://m.media-amazon.com/images/I/716B-reeSQL._AC_UL960_FMwebp_QL65_.jpg,"15,99",B086DCVFZN,ce46c055-725e-478b-8a68-28f20061881d
Herren Retro Forstwirt Kettensäge Motorsäge Geschenk Holzfäller T-Shirt, Witzige Holzfäller Geschenk ,https://www.amazon.de/Retro-Forestry-Chainsaw-Woodcutter-T-Shirt/dp/B086DCRXHB/ref=sr_1_41?dchild=1&qid=1589975854&s=apparel&sr=1-41,https://m.media-amazon.com/images/I/71NrQq3ZgPL._AC_UL320_.jpg,https://m.media-amazon.com/images/I/71NrQq3ZgPL._AC_UL960_FMwebp_QL65_.jpg,"13,95",B086DCRXHB,9c12cb46-79f7-4088-a123-9c14a72e19a9
Kinder Großer Bruder 2021 Endlich kein Einzelkind mehr Bruder T-Shirt, T-shirts für werdende große Brüder ,https://www.amazon.de/Childrens-Brother-T-Shirt-Einzelkind-Language/dp/B086CW8Q2S/ref=sr_1_42?dchild=1&qid=1589975854&s=apparel&sr=1-42,https://m.media-amazon.com/images/I/71SKmQmyQYL._AC_UL320_.jpg,https://m.media-amazon.com/images/I/71SKmQmyQYL._AC_UL960_FMwebp_QL65_.jpg,"14,99",B086CW8Q2S,da9ae1b0-aaa5-4b11-a609-6da7b617b87d
Scheiß Gefährlich I Scheisse Kacke Toiletten Witz Geschenk T-Shirt, Scheißen Kacken Dreckiger Humor Geschenke ,https://www.amazon.de/Gef%C3%A4hrlich-Scheisse-Toiletten-Geschenk-T-Shirt/dp/B086CX9YZ3/ref=sr_1_43?dchild=1&qid=1589975854&s=apparel&sr=1-43,https://m.media-amazon.com/images/I/71Dy+CbQAhL._AC_UL320_.jpg,https://m.media-amazon.com/images/I/71Dy+CbQAhL._AC_UL960_FMwebp_QL65_.jpg,"14,99",B086CX9YZ3,4c1ecf35-bff6-45df-a858-dc84547d9347
für Katzenbesitzer T-Shirt, Husten Sie nicht auf Mich Lustiges Design ,https://www.amazon.de/Cough-Funny-Design-Owners-T-Shirt/dp/B086CTKQ9V/ref=sr_1_44?dchild=1&qid=1589975854&s=apparel&sr=1-44,https://m.media-amazon.com/images/I/71GgANX9JsL._AC_UL320_.jpg,https://m.media-amazon.com/images/I/71GgANX9JsL._AC_UL960_FMwebp_QL65_.jpg,"18,99",B086CTKQ9V,d04f4136-4c16-49a2-804b-36c0a3f1957e
Mein erster Vatertag 1. Vatertagsgeschenk 1 2020 T-Shirt, Mein erster Vatertagsgeschenk 1 2020 ,https://www.amazon.de/Mein-erster-Vatertag-Vatertagsgeschenk-2020/dp/B086CW4PG4/ref=sr_1_45?dchild=1&qid=1589975854&s=apparel&sr=1-45,https://m.media-amazon.com/images/I/71NDET2OYbL._AC_UL320_.jpg,https://m.media-amazon.com/images/I/71NDET2OYbL._AC_UL960_FMwebp_QL65_.jpg,"13,49",B086CW4PG4,4a93fc70-9611-4228-aab4-09fd423194a2
Damen Ich Bin Größtenteils Frieden Liebe Und Licht Yoga Bekleidung T-Shirt, Lustige Yoga Meditieren Sprüche Bekleidung ,https://www.amazon.de/Gr%C3%B6%C3%9Ftenteils-Frieden-Yoga-Bekleidung-T-Shirt/dp/B086CV2BR3/ref=sr_1_46?dchild=1&qid=1589975854&s=apparel&sr=1-46,https://m.media-amazon.com/images/I/71zQD2dEIYL._AC_UL320_.jpg,https://m.media-amazon.com/images/I/71zQD2dEIYL._AC_UL960_FMwebp_QL65_.jpg,"17,95",B086CV2BR3,67dc5f29-efa7-49a5-8764-832e191c2c14
Damen Lustiges Mama macht so Mamasachen Yoga Kaffee Telefon T-Shirt, Muttertag und Mama Frauenhobby Mamasachen ,https://www.amazon.de/Lustiges-Mama-Mamasachen-Telefon-T-Shirt/dp/B086CTFN55/ref=sr_1_47?dchild=1&qid=1589975854&s=apparel&sr=1-47,https://m.media-amazon.com/images/I/71esOBAYh5L._AC_UL320_.jpg,https://m.media-amazon.com/images/I/71esOBAYh5L._AC_UL960_FMwebp_QL65_.jpg,"14,95",B086CTFN55,300b90a6-bced-454f-83bc-314caa728de7
Damen Ich Bin Größtenteils Frieden Liebe Und Licht Yoga Bekleidung T-Shirt, Lustige Yoga Meditieren Sprüche Bekleidung ,https://www.amazon.de/Gr%C3%B6%C3%9Ftenteils-Frieden-Yoga-Bekleidung-T-Shirt/dp/B086CT66V6/ref=sr_1_48?dchild=1&qid=1589975854&s=apparel&sr=1-48,https://m.media-amazon.com/images/I/710EXntVWvL._AC_UL320_.jpg,https://m.media-amazon.com/images/I/710EXntVWvL._AC_UL960_FMwebp_QL65_.jpg,"17,49",B086CT66V6,7cef449a-59da-4c8a-adf5-63f4e4a23e2a
