url,asin
https://www.amazon.de/dp/B08K9Q6X8Q,B08K9Q6X8Q
https://www.amazon.de/dp/B08G19971Z,B08G19971Z
https://www.amazon.de/dp/B08D4PQJ1Z,B08D4PQJ1Z
https://www.amazon.de/dp/B085VNCT18,B085VNCT18
https://www.amazon.de/dp/B08FHSYK6B,B08FHSYK6B
https://www.amazon.de/dp/B08BHCDYHM,B08BHCDYHM
https://www.amazon.de/dp/B08BLBGKP9,B08BLBGKP9
https://www.amazon.de/dp/B08BZ93CG7,B08BZ93CG7
https://www.amazon.de/dp/B08BBLD9ZN,B08BBLD9ZN
https://www.amazon.de/dp/B085XKP68Y,B085XKP68Y
https://www.amazon.de/dp/B085WLN89X,B085WLN89X
https://www.amazon.de/dp/B08CT554HH,B08CT554HH
https://www.amazon.de/dp/B085SQ1Q7L,B085SQ1Q7L
https://www.amazon.de/dp/B08BZ4LRTK,B08BZ4LRTK
https://www.amazon.de/dp/B089S54DCS,B089S54DCS
https://www.amazon.de/dp/B08CCJ39M5,B08CCJ39M5
https://www.amazon.de/dp/B08GGH33VL,B08GGH33VL
https://www.amazon.de/dp/B08DSBQ28Q,B08DSBQ28Q